<keymap version="1" name="KDE copy" parent="Default for KDE">
  <action id="Compare.SameVersion" />
  <action id="CompareTwoFiles" />
  <action id="Console.TableResult.CloneRow" />
  <action id="Diff.ShowDiff" />
  <action id="EditorDuplicate" />
  <action id="FileChooser.GotoDesktop" />
  <action id="Frontend.ChangesView.ShowDiff" />
  <action id="RunDashboard.CopyConfiguration" />
  <action id="SendEOF" />
  <action id="Terminal.CloseSession" />
  <action id="ToggleDistractionFreeMode">
    <keyboard-shortcut first-keystroke="ctrl d" second-keystroke="ctrl f" />
  </action>
  <action id="XDebugger.CopyWatch" />
  <action id="openAssertEqualsDiff" />
</keymap>