<application>
  <component name="ProjectManager">
    <defaultProject>
      <component name="InspectionProjectProfileManager">
        <profile version="1.0">
          <option name="myName" value="Project Default" />
        </profile>
        <version value="1.0" />
      </component>
      <component name="ProjectViewState">
        <option name="compactDirectories" value="true" />
        <option name="flattenModules" value="true" />
        <option name="flattenPackages" value="true" />
        <option name="hideEmptyMiddlePackages" value="true" />
        <option name="showLibraryContents" value="true" />
      </component>
      <component name="PropertiesComponent">{
  &quot;keyToString&quot;: {
    &quot;node.js.selected.package.eslint&quot;: &quot;(autodetect)&quot;,
    &quot;settings.editor.selected.configurable&quot;: &quot;configurable.group.tools&quot;
  }
}</component>
      <component name="TaskManager">
        <task active="true" id="Default" summary="Default task">
          <created>1750472712948</created>
          <option name="number" value="Default" />
          <option name="presentableId" value="Default" />
          <updated>1750472712948</updated>
          <workItem from="1750472714066" duration="319000" />
        </task>
        <servers />
      </component>
      <component name="TimeTrackingManager">
        <option name="totallyTimeSpent" value="319000" />
      </component>
      <component name="WindowStateProjectService">
        <state x="4249" y="1208" width="1052" height="742" key="SettingsEditor" timestamp="1750474202534">
          <screen x="2208" y="818" width="5120" height="1440" />
        </state>
        <state x="4249" y="1208" width="1052" height="742" key="SettingsEditor/2208.818.5120.1440/0.0.2208.1242/104.1242.2103.1183" timestamp="1750474202534" />
        <state x="6077" y="1167" width="800" height="723" key="new project wizard" timestamp="1750478288302">
          <screen x="2208" y="818" width="5120" height="1440" />
        </state>
        <state x="6077" y="1167" width="800" height="723" key="new project wizard/2208.818.5120.1440/0.0.2208.1242/104.1242.2103.1183" timestamp="1750478288302" />
      </component>
    </defaultProject>
  </component>
</application>