<application>
  <component name="DimensionService">
    <location key="find.popup.2208.819.5120.1440@144dpi" x="6117" y="956" />
    <size key="GridCell.Tab.0.left.2208.818.5120.1440" width="1615" height="399" />
    <size key="GridCell.Tab.0.center.2208.818.5120.1440" width="1615" height="399" />
    <size key="GridCell.Tab.0.right.2208.818.5120.1440" width="1615" height="399" />
    <size key="GridCell.Tab.0.bottom.2208.818.5120.1440" width="1615" height="399" />
    <size key="GridCell.Tab.1.left.2208.818.5120.1440" width="1615" height="399" />
    <size key="GridCell.Tab.1.center.2208.818.5120.1440" width="1615" height="399" />
    <size key="GridCell.Tab.1.right.2208.818.5120.1440" width="1615" height="399" />
    <size key="GridCell.Tab.1.bottom.2208.818.5120.1440" width="1615" height="399" />
    <size key="GridCell.Tab.0.left.2208.818.5120.1440@144dpi" width="4988" height="378" />
    <size key="GridCell.Tab.0.center.2208.818.5120.1440@144dpi" width="4988" height="378" />
    <size key="GridCell.Tab.0.right.2208.818.5120.1440@144dpi" width="4988" height="378" />
    <size key="GridCell.Tab.0.bottom.2208.818.5120.1440@144dpi" width="4988" height="378" />
    <size key="GridCell.Tab.0.left.2208.819.5120.1440@144dpi" width="1695" height="426" />
    <size key="GridCell.Tab.0.center.2208.819.5120.1440@144dpi" width="1695" height="426" />
    <size key="GridCell.Tab.0.right.2208.819.5120.1440@144dpi" width="1695" height="426" />
    <size key="GridCell.Tab.0.bottom.2208.819.5120.1440@144dpi" width="1695" height="426" />
    <size key="GridCell.Tab.1.left.2208.819.5120.1440@144dpi" width="1695" height="426" />
    <size key="GridCell.Tab.1.center.2208.819.5120.1440@144dpi" width="1695" height="426" />
    <size key="GridCell.Tab.1.right.2208.819.5120.1440@144dpi" width="1695" height="426" />
    <size key="GridCell.Tab.1.bottom.2208.819.5120.1440@144dpi" width="1695" height="426" />
    <size key="find.popup.2208.819.5120.1440@144dpi" width="949" height="1161" />
  </component>
  <component name="WindowManager">
    <frame x="5629" y="821" width="1697" height="1438" />
  </component>
  <component name="WindowStateApplicationService">
    <state width="694" height="211" key="ShowUsagesActions.dimensionServiceKey" timestamp="1751005405745">
      <screen x="2208" y="819" width="5120" height="1440" />
    </state>
    <state width="694" height="211" key="ShowUsagesActions.dimensionServiceKey/2208.819.5120.1440/0.0.2208.1242/105.1242.2103.1183" timestamp="1751005405745" />
    <state x="6477" y="1522" width="1697" height="1337" key="WELCOME_SCREEN" timestamp="1750477013514">
      <screen x="2208" y="818" width="5120" height="1440" />
    </state>
    <state x="6477" y="1522" width="1697" height="1337" key="WELCOME_SCREEN/2208.818.5120.1440/0.0.2208.1242/104.1242.2103.1183" timestamp="1750477013514" />
  </component>
</application>